"","condition","gene","fold"
"1","EGFP.ABI1","RLuc",0.4
"2","EGFP.ABI1","KLHL6",-0.47
"3","EGFP.ABI1","FBXL12",-0.71
"4","EGFP.ABI1","FBXL15",-0.77
"5","EGFP.ABI1","FBXL14",-0.65
"6","EGFP.ABI1","NHLRC1",-0.56
"7","EGFP.ABI1","SPOPDMATH",-0.62
"8","EGFP.ABI1","KBTBD7",-0.62
"9","EGFP.ABI1","LGALS3BP",-0.32
"10","EGFP.ABI1","MYLIP",-0.23
"11","EGFP.ABI1","KLHDC2",-0.57
"12","EGFP.ABI1","UBL4A",-0.23
"13","EGFP.ABI1","FBXO6",-0.45
"14","EGFP.ABI1","RNF166",-0.56
"15","EGFP.ABI1","RNF181",-0.49
"16","EGFP.ABI1","FCGR3B",-0.68
"17","EGFP.ABI1","LYPD3",-0.01
"18","EGFP.ABI1","ASB6",-0.24
"19","EGFP.ABI1","GET4",-0.29
"20","EGFP.ABI1","RNF126",-0.27
"21","EGFP.ABI1","PRR20A",-0.48
"22","EGFP.ABI1","UBE2B",-0.84
"23","EGFP.ABI1","GABARAP",-0.81
"24","EGFP.ABI1","GABARAPL2",-0.79
"25","EGFP.ABI1","MAP1LC3A",-0.82
"26","EGFP.ABI1","MAGEA2B",-0.26
"27","EGFP.ABI1","MAP1LC3B",-0.17
"28","EGFP.ABI1","BAG6",-0.18
"29","EGFP.ABI1","LY6D",-0.48
"30","EGFP.ABI1","KLHL22",-0.08
"31","EGFP.ABI1","TEX19",-0.58
"32","EGFP.ABI1","MARCH2",-0.32
"33","EGFP.ABI1","CRBN",-0.3
"34","EGFP.ABI1","ASB3",-0.34
"35","EGFP.ABI1","PRAME",-0.67
"36","EGFP.ABI1","UBE3B",0.99
"37","EGFP.ABI1","RNF114",0.51
"38","EGFP.ABI1","ISG15",-0.38
"39","EGFP.ABI1","LDOC1",-0.69
"40","EGFP.ABI1","RTL8C",-0.34
"41","EGFP.ABI1","VHL",-0.34
"42","EGFP.ABI1","OTUB1",1.93
"43","EGFP.ABI1","TMEM59",-0.05
"44","EGFP.ABI1","DDI1",0.95
"45","EGFP.ABI1","ATG14",0.4
"46","EGFP.ABI1","UBE3C",0.29
"47","EGFP.ABI1","PRPS2",2.04
"48","EGFP.ABI1","KLHL40",2.07
"49","EGFP.ABI1","TMEM204",-0.15
"50","EGFP.ABI1","PLEKHB2",0.13
"51","EGFP.ABI1","UCHL1",1.71
"52","EGFP.ABI1","GID8",0.35
"53","EGFP.Rluc","RLuc",0.78
"54","EGFP.Rluc","KLHL6",0.03
"55","EGFP.Rluc","FBXL12",-0.21
"56","EGFP.Rluc","FBXL15",-0.31
"57","EGFP.Rluc","FBXL14",-0.17
"58","EGFP.Rluc","NHLRC1",-0.22
"59","EGFP.Rluc","SPOPDMATH",-0.26
"60","EGFP.Rluc","KBTBD7",0.11
"61","EGFP.Rluc","LGALS3BP",-0.19
"62","EGFP.Rluc","MYLIP",-0.04
"63","EGFP.Rluc","KLHDC2",-0.08
"64","EGFP.Rluc","UBL4A",0.53
"65","EGFP.Rluc","FBXO6",0.29
"66","EGFP.Rluc","RNF166",-0.07
"67","EGFP.Rluc","RNF181",-0.27
"68","EGFP.Rluc","FCGR3B",-0.53
"69","EGFP.Rluc","LYPD3",-0.71
"70","EGFP.Rluc","ASB6",0.29
"71","EGFP.Rluc","GET4",-0.08
"72","EGFP.Rluc","RNF126",-0.27
"73","EGFP.Rluc","PRR20A",-0.44
"74","EGFP.Rluc","UBE2B",-0.59
"75","EGFP.Rluc","GABARAP",-0.62
"76","EGFP.Rluc","GABARAPL2",-0.62
"77","EGFP.Rluc","MAP1LC3A",-0.63
"78","EGFP.Rluc","MAGEA2B",-0.18
"79","EGFP.Rluc","MAP1LC3B",-0.07
"80","EGFP.Rluc","BAG6",-0.32
"81","EGFP.Rluc","LY6D",-0.43
"82","EGFP.Rluc","KLHL22",0.0800000000000001
"83","EGFP.Rluc","TEX19",-0.42
"84","EGFP.Rluc","MARCH2",0.42
"85","EGFP.Rluc","CRBN",-0.12
"86","EGFP.Rluc","ASB3",0.0900000000000001
"87","EGFP.Rluc","PRAME",-0.18
"88","EGFP.Rluc","UBE3B",0.54
"89","EGFP.Rluc","RNF114",0.74
"90","EGFP.Rluc","ISG15",-0.01
"91","EGFP.Rluc","LDOC1",-0.21
"92","EGFP.Rluc","RTL8C",0.18
"93","EGFP.Rluc","VHL",0.63
"94","EGFP.Rluc","OTUB1",0.42
"95","EGFP.Rluc","TMEM59",-0.22
"96","EGFP.Rluc","DDI1",0.43
"97","EGFP.Rluc","ATG14",0.39
"98","EGFP.Rluc","UBE3C",0.46
"99","EGFP.Rluc","PRPS2",2.43
"100","EGFP.Rluc","KLHL40",0.87
"101","EGFP.Rluc","TMEM204",-0.58
"102","EGFP.Rluc","PLEKHB2",0.26
"103","EGFP.Rluc","UCHL1",3.22
"104","EGFP.Rluc","GID8",0.15
"105","EGFP.FUS.S525L","RLuc",0.82
"106","EGFP.FUS.S525L","KLHL6",-0.29
"107","EGFP.FUS.S525L","FBXL12",-0.03
"108","EGFP.FUS.S525L","FBXL15",0.06
"109","EGFP.FUS.S525L","FBXL14",0.06
"110","EGFP.FUS.S525L","NHLRC1",0.3
"111","EGFP.FUS.S525L","SPOPDMATH",0.41
"112","EGFP.FUS.S525L","KBTBD7",0.15
"113","EGFP.FUS.S525L","LGALS3BP",0.0700000000000001
"114","EGFP.FUS.S525L","MYLIP",0.29
"115","EGFP.FUS.S525L","KLHDC2",0.01
"116","EGFP.FUS.S525L","UBL4A",0.82
"117","EGFP.FUS.S525L","FBXO6",0.3
"118","EGFP.FUS.S525L","RNF166",0.76
"119","EGFP.FUS.S525L","RNF181",0.78
"120","EGFP.FUS.S525L","FCGR3B",-0.42
"121","EGFP.FUS.S525L","LYPD3",-0.04
"122","EGFP.FUS.S525L","ASB6",0.37
"123","EGFP.FUS.S525L","GET4",0.46
"124","EGFP.FUS.S525L","RNF126",0.25
"125","EGFP.FUS.S525L","PRR20A",0.04
"126","EGFP.FUS.S525L","UBE2B",-0.42
"127","EGFP.FUS.S525L","GABARAP",-0.23
"128","EGFP.FUS.S525L","GABARAPL2",-0.31
"129","EGFP.FUS.S525L","MAP1LC3A",-0.28
"130","EGFP.FUS.S525L","MAGEA2B",0.57
"131","EGFP.FUS.S525L","MAP1LC3B",0.72
"132","EGFP.FUS.S525L","BAG6",0.71
"133","EGFP.FUS.S525L","LY6D",0.0800000000000001
"134","EGFP.FUS.S525L","KLHL22",0.75
"135","EGFP.FUS.S525L","TEX19",0.24
"136","EGFP.FUS.S525L","MARCH2",-0.09
"137","EGFP.FUS.S525L","CRBN",0.02
"138","EGFP.FUS.S525L","ASB3",0.41
"139","EGFP.FUS.S525L","PRAME",-0.27
"140","EGFP.FUS.S525L","UBE3B",0.45
"141","EGFP.FUS.S525L","RNF114",0.98
"142","EGFP.FUS.S525L","ISG15",0.7
"143","EGFP.FUS.S525L","LDOC1",0.47
"144","EGFP.FUS.S525L","RTL8C",0.27
"145","EGFP.FUS.S525L","VHL",0.79
"146","EGFP.FUS.S525L","OTUB1",0.95
"147","EGFP.FUS.S525L","TMEM59",0.03
"148","EGFP.FUS.S525L","DDI1",0.96
"149","EGFP.FUS.S525L","ATG14",0.4
"150","EGFP.FUS.S525L","UBE3C",0.43
"151","EGFP.FUS.S525L","PRPS2",1.02
"152","EGFP.FUS.S525L","KLHL40",0.84
"153","EGFP.FUS.S525L","TMEM204",-0.46
"154","EGFP.FUS.S525L","PLEKHB2",0.49
"155","EGFP.FUS.S525L","UCHL1",1.41
"156","EGFP.FUS.S525L","GID8",0.46
"157","EGFP.NRAS","RLuc",0.65
"158","EGFP.NRAS","KLHL6",-0.22
"159","EGFP.NRAS","FBXL12",-0.36
"160","EGFP.NRAS","FBXL15",-0.47
"161","EGFP.NRAS","FBXL14",-0.18
"162","EGFP.NRAS","NHLRC1",-0.2
"163","EGFP.NRAS","SPOPDMATH",-0.1
"164","EGFP.NRAS","KBTBD7",-0.27
"165","EGFP.NRAS","LGALS3BP",-0.1
"166","EGFP.NRAS","MYLIP",-0.07
"167","EGFP.NRAS","KLHDC2",-0.19
"168","EGFP.NRAS","UBL4A",0.25
"169","EGFP.NRAS","FBXO6",0.13
"170","EGFP.NRAS","RNF166",-0.44
"171","EGFP.NRAS","RNF181",-0.27
"172","EGFP.NRAS","FCGR3B",-0.19
"173","EGFP.NRAS","LYPD3",0.17
"174","EGFP.NRAS","ASB6",0.89
"175","EGFP.NRAS","GET4",0.57
"176","EGFP.NRAS","RNF126",0.43
"177","EGFP.NRAS","PRR20A",-0.43
"178","EGFP.NRAS","UBE2B",-0.63
"179","EGFP.NRAS","GABARAP",-0.33
"180","EGFP.NRAS","GABARAPL2",-0.26
"181","EGFP.NRAS","MAP1LC3A",-0.17
"182","EGFP.NRAS","MAGEA2B",0.45
"183","EGFP.NRAS","MAP1LC3B",0.14
"184","EGFP.NRAS","BAG6",-0.14
"185","EGFP.NRAS","LY6D",0.25
"186","EGFP.NRAS","KLHL22",0.35
"187","EGFP.NRAS","TEX19",0.21
"188","EGFP.NRAS","MARCH2",0.78
"189","EGFP.NRAS","CRBN",0.03
"190","EGFP.NRAS","ASB3",0.58
"191","EGFP.NRAS","PRAME",-0.33
"192","EGFP.NRAS","UBE3B",0.21
"193","EGFP.NRAS","RNF114",0.42
"194","EGFP.NRAS","ISG15",0.13
"195","EGFP.NRAS","LDOC1",1.14
"196","EGFP.NRAS","RTL8C",0.35
"197","EGFP.NRAS","VHL",1.07
"198","EGFP.NRAS","OTUB1",1.95
"199","EGFP.NRAS","TMEM59",0.04
"200","EGFP.NRAS","DDI1",0.84
"201","EGFP.NRAS","ATG14",-0.37
"202","EGFP.NRAS","UBE3C",-0.14
"203","EGFP.NRAS","PRPS2",0.21
"204","EGFP.NRAS","KLHL40",1.48
"205","EGFP.NRAS","TMEM204",0.29
"206","EGFP.NRAS","PLEKHB2",0.53
"207","EGFP.NRAS","UCHL1",2.77
"208","EGFP.NRAS","GID8",0.27
"209","EGFR.EGFP","RLuc",-0.07
"210","EGFR.EGFP","KLHL6",-0.33
"211","EGFR.EGFP","FBXL12",-0.34
"212","EGFR.EGFP","FBXL15",-0.31
"213","EGFR.EGFP","FBXL14",-0.33
"214","EGFR.EGFP","NHLRC1",-0.33
"215","EGFR.EGFP","SPOPDMATH",-0.11
"216","EGFR.EGFP","KBTBD7",-0.3
"217","EGFR.EGFP","LGALS3BP",-0.28
"218","EGFR.EGFP","MYLIP",-0.41
"219","EGFR.EGFP","KLHDC2",-0.4
"220","EGFR.EGFP","UBL4A",-0.17
"221","EGFR.EGFP","FBXO6",0.17
"222","EGFR.EGFP","RNF166",-0.4
"223","EGFR.EGFP","RNF181",0.14
"224","EGFR.EGFP","FCGR3B",-0.45
"225","EGFR.EGFP","LYPD3",-0.39
"226","EGFR.EGFP","ASB6",-0.09
"227","EGFR.EGFP","GET4",0.13
"228","EGFR.EGFP","RNF126",0.38
"229","EGFR.EGFP","PRR20A",-0.16
"230","EGFR.EGFP","UBE2B",-0.44
"231","EGFR.EGFP","GABARAP",-0.42
"232","EGFR.EGFP","GABARAPL2",-0.38
"233","EGFR.EGFP","MAP1LC3A",-0.39
"234","EGFR.EGFP","MAGEA2B",0.12
"235","EGFR.EGFP","MAP1LC3B",-0.36
"236","EGFR.EGFP","BAG6",-0.31
"237","EGFR.EGFP","LY6D",-0.39
"238","EGFR.EGFP","KLHL22",-0.05
"239","EGFR.EGFP","TEX19",-0.33
"240","EGFR.EGFP","MARCH2",-0.1
"241","EGFR.EGFP","CRBN",-0.28
"242","EGFR.EGFP","ASB3",-0.4
"243","EGFR.EGFP","PRAME",-0.11
"244","EGFR.EGFP","UBE3B",-0.3
"245","EGFR.EGFP","RNF114",0.28
"246","EGFR.EGFP","ISG15",-0.36
"247","EGFR.EGFP","LDOC1",1.53
"248","EGFR.EGFP","RTL8C",1.33
"249","EGFR.EGFP","VHL",3.7
"250","EGFR.EGFP","OTUB1",3.19
"251","EGFR.EGFP","TMEM59",-0.27
"252","EGFR.EGFP","DDI1",0.12
"253","EGFR.EGFP","ATG14",-0.4
"254","EGFR.EGFP","UBE3C",-0.11
"255","EGFR.EGFP","PRPS2",0.01
"256","EGFR.EGFP","KLHL40",0.35
"257","EGFR.EGFP","TMEM204",-0.39
"258","EGFR.EGFP","PLEKHB2",-0.25
"259","EGFR.EGFP","UCHL1",-0.28
"260","EGFR.EGFP","GID8",-0.43
"261","BRAF.EGFP","RLuc",0.63
"262","BRAF.EGFP","KLHL6",0.06
"263","BRAF.EGFP","FBXL12",0.0700000000000001
"264","BRAF.EGFP","FBXL15",0.05
"265","BRAF.EGFP","FBXL14",0.42
"266","BRAF.EGFP","NHLRC1",0.39
"267","BRAF.EGFP","SPOPDMATH",0.31
"268","BRAF.EGFP","KBTBD7",0.6
"269","BRAF.EGFP","LGALS3BP",0.28
"270","BRAF.EGFP","MYLIP",0.89
"271","BRAF.EGFP","KLHDC2",0.14
"272","BRAF.EGFP","UBL4A",0.79
"273","BRAF.EGFP","FBXO6",0.63
"274","BRAF.EGFP","RNF166",0.91
"275","BRAF.EGFP","RNF181",0.31
"276","BRAF.EGFP","FCGR3B",0.21
"277","BRAF.EGFP","LYPD3",0.69
"278","BRAF.EGFP","ASB6",0.53
"279","BRAF.EGFP","GET4",0.57
"280","BRAF.EGFP","RNF126",0.31
"281","BRAF.EGFP","PRR20A",0.15
"282","BRAF.EGFP","UBE2B",-0.31
"283","BRAF.EGFP","GABARAP",0.21
"284","BRAF.EGFP","GABARAPL2",0.1
"285","BRAF.EGFP","MAP1LC3A",-0.03
"286","BRAF.EGFP","MAGEA2B",0.85
"287","BRAF.EGFP","MAP1LC3B",0.33
"288","BRAF.EGFP","BAG6",0.21
"289","BRAF.EGFP","LY6D",0.27
"290","BRAF.EGFP","KLHL22",0.4
"291","BRAF.EGFP","TEX19",-0.03
"292","BRAF.EGFP","MARCH2",0.34
"293","BRAF.EGFP","CRBN",-0.09
"294","BRAF.EGFP","ASB3",-0.07
"295","BRAF.EGFP","PRAME",0.02
"296","BRAF.EGFP","UBE3B",0.73
"297","BRAF.EGFP","RNF114",0.77
"298","BRAF.EGFP","ISG15",0.63
"299","BRAF.EGFP","LDOC1",0.88
"300","BRAF.EGFP","RTL8C",0.75
"301","BRAF.EGFP","VHL",0.33
"302","BRAF.EGFP","OTUB1",0.42
"303","BRAF.EGFP","TMEM59",-0.08
"304","BRAF.EGFP","DDI1",0.71
"305","BRAF.EGFP","ATG14",0.52
"306","BRAF.EGFP","UBE3C",0.45
"307","BRAF.EGFP","PRPS2",0.69
"308","BRAF.EGFP","KLHL40",0.78
"309","BRAF.EGFP","TMEM204",-0.27
"310","BRAF.EGFP","PLEKHB2",0.18
"311","BRAF.EGFP","UCHL1",0.41
"312","BRAF.EGFP","GID8",-0.26
"313","LAMP1.EGFP","RLuc",0.26
"314","LAMP1.EGFP","KLHL6",-0.36
"315","LAMP1.EGFP","FBXL12",-0.16
"316","LAMP1.EGFP","FBXL15",-0.25
"317","LAMP1.EGFP","FBXL14",-0.35
"318","LAMP1.EGFP","NHLRC1",-0.32
"319","LAMP1.EGFP","SPOPDMATH",-0.34
"320","LAMP1.EGFP","KBTBD7",-0.37
"321","LAMP1.EGFP","LGALS3BP",-0.29
"322","LAMP1.EGFP","MYLIP",-0.37
"323","LAMP1.EGFP","KLHDC2",-0.33
"324","LAMP1.EGFP","UBL4A",0.55
"325","LAMP1.EGFP","FBXO6",-0.14
"326","LAMP1.EGFP","RNF166",-0.48
"327","LAMP1.EGFP","RNF181",-0.43
"328","LAMP1.EGFP","FCGR3B",-0.27
"329","LAMP1.EGFP","LYPD3",0.04
"330","LAMP1.EGFP","ASB6",0.04
"331","LAMP1.EGFP","GET4",0.13
"332","LAMP1.EGFP","RNF126",-0.1
"333","LAMP1.EGFP","PRR20A",0.54
"334","LAMP1.EGFP","UBE2B",-0.03
"335","LAMP1.EGFP","GABARAP",-0.43
"336","LAMP1.EGFP","GABARAPL2",-0.21
"337","LAMP1.EGFP","MAP1LC3A",-0.25
"338","LAMP1.EGFP","MAGEA2B",0.32
"339","LAMP1.EGFP","MAP1LC3B",-0.15
"340","LAMP1.EGFP","BAG6",0.35
"341","LAMP1.EGFP","LY6D",0.0900000000000001
"342","LAMP1.EGFP","KLHL22",0.16
"343","LAMP1.EGFP","TEX19",-0.41
"344","LAMP1.EGFP","MARCH2",-0.1
"345","LAMP1.EGFP","CRBN",-0.51
"346","LAMP1.EGFP","ASB3",-0.48
"347","LAMP1.EGFP","PRAME",-0.03
"348","LAMP1.EGFP","UBE3B",0.91
"349","LAMP1.EGFP","RNF114",0.92
"350","LAMP1.EGFP","ISG15",0.61
"351","LAMP1.EGFP","LDOC1",0.29
"352","LAMP1.EGFP","RTL8C",-0.14
"353","LAMP1.EGFP","VHL",-0.49
"354","LAMP1.EGFP","OTUB1",-0.54
"355","LAMP1.EGFP","TMEM59",0.21
"356","LAMP1.EGFP","DDI1",0.65
"357","LAMP1.EGFP","ATG14",0.63
"358","LAMP1.EGFP","UBE3C",0.26
"359","LAMP1.EGFP","PRPS2",0.98
"360","LAMP1.EGFP","KLHL40",0.64
"361","LAMP1.EGFP","TMEM204",-0.81
"362","LAMP1.EGFP","PLEKHB2",-0.49
"363","LAMP1.EGFP","UCHL1",-0.27
"364","LAMP1.EGFP","GID8",-0.43
"365","TDP43..Q311K..EGFP","RLuc",0.66
"366","TDP43..Q311K..EGFP","KLHL6",0.1
"367","TDP43..Q311K..EGFP","FBXL12",-0.02
"368","TDP43..Q311K..EGFP","FBXL15",-0.15
"369","TDP43..Q311K..EGFP","FBXL14",-0.13
"370","TDP43..Q311K..EGFP","NHLRC1",0.0700000000000001
"371","TDP43..Q311K..EGFP","SPOPDMATH",-0.14
"372","TDP43..Q311K..EGFP","KBTBD7",-0.15
"373","TDP43..Q311K..EGFP","LGALS3BP",0.24
"374","TDP43..Q311K..EGFP","MYLIP",0.75
"375","TDP43..Q311K..EGFP","KLHDC2",0.29
"376","TDP43..Q311K..EGFP","UBL4A",0.51
"377","TDP43..Q311K..EGFP","FBXO6",0.23
"378","TDP43..Q311K..EGFP","RNF166",0.18
"379","TDP43..Q311K..EGFP","RNF181",-0.04
"380","TDP43..Q311K..EGFP","FCGR3B",-0.17
"381","TDP43..Q311K..EGFP","LYPD3",0.69
"382","TDP43..Q311K..EGFP","ASB6",0.58
"383","TDP43..Q311K..EGFP","GET4",0.56
"384","TDP43..Q311K..EGFP","RNF126",0.32
"385","TDP43..Q311K..EGFP","PRR20A",0.29
"386","TDP43..Q311K..EGFP","UBE2B",-0.1
"387","TDP43..Q311K..EGFP","GABARAP",-0.17
"388","TDP43..Q311K..EGFP","GABARAPL2",-0.15
"389","TDP43..Q311K..EGFP","MAP1LC3A",-0.2
"390","TDP43..Q311K..EGFP","MAGEA2B",0.17
"391","TDP43..Q311K..EGFP","MAP1LC3B",0.32
"392","TDP43..Q311K..EGFP","BAG6",0.13
"393","TDP43..Q311K..EGFP","LY6D",0.39
"394","TDP43..Q311K..EGFP","KLHL22",0.34
"395","TDP43..Q311K..EGFP","TEX19",-0.31
"396","TDP43..Q311K..EGFP","MARCH2",0.18
"397","TDP43..Q311K..EGFP","CRBN",-0.29
"398","TDP43..Q311K..EGFP","ASB3",-0.29
"399","TDP43..Q311K..EGFP","PRAME",-0.3
"400","TDP43..Q311K..EGFP","UBE3B",0.41
"401","TDP43..Q311K..EGFP","RNF114",0.59
"402","TDP43..Q311K..EGFP","ISG15",1.16
"403","TDP43..Q311K..EGFP","LDOC1",0.26
"404","TDP43..Q311K..EGFP","RTL8C",0.49
"405","TDP43..Q311K..EGFP","VHL",0.5
"406","TDP43..Q311K..EGFP","OTUB1",0.02
"407","TDP43..Q311K..EGFP","TMEM59",0.1
"408","TDP43..Q311K..EGFP","DDI1",0.92
"409","TDP43..Q311K..EGFP","ATG14",1.47
"410","TDP43..Q311K..EGFP","UBE3C",0.69
"411","TDP43..Q311K..EGFP","PRPS2",0.94
"412","TDP43..Q311K..EGFP","KLHL40",1.14
"413","TDP43..Q311K..EGFP","TMEM204",-0.42
"414","TDP43..Q311K..EGFP","PLEKHB2",0.21
"415","TDP43..Q311K..EGFP","UCHL1",0.26
"416","TDP43..Q311K..EGFP","GID8",-0.27
"417","CD63.EGFP","RLuc",0.58
"418","CD63.EGFP","KLHL6",-0.29
"419","CD63.EGFP","FBXL12",-0.33
"420","CD63.EGFP","FBXL15",-0.17
"421","CD63.EGFP","FBXL14",-0.43
"422","CD63.EGFP","NHLRC1",-0.34
"423","CD63.EGFP","SPOPDMATH",-0.32
"424","CD63.EGFP","KBTBD7",-0.27
"425","CD63.EGFP","LGALS3BP",-0.57
"426","CD63.EGFP","MYLIP",-0.29
"427","CD63.EGFP","KLHDC2",-0.36
"428","CD63.EGFP","UBL4A",-0.35
"429","CD63.EGFP","FBXO6",-0.06
"430","CD63.EGFP","RNF166",-0.33
"431","CD63.EGFP","RNF181",-0.28
"432","CD63.EGFP","FCGR3B",-0.5
"433","CD63.EGFP","LYPD3",-0.38
"434","CD63.EGFP","ASB6",-0.29
"435","CD63.EGFP","GET4",-0.27
"436","CD63.EGFP","RNF126",-0.19
"437","CD63.EGFP","PRR20A",0.1
"438","CD63.EGFP","UBE2B",0.0800000000000001
"439","CD63.EGFP","GABARAP",-0.46
"440","CD63.EGFP","GABARAPL2",-0.17
"441","CD63.EGFP","MAP1LC3A",-0.27
"442","CD63.EGFP","MAGEA2B",0.43
"443","CD63.EGFP","MAP1LC3B",0.03
"444","CD63.EGFP","BAG6",-0.42
"445","CD63.EGFP","LY6D",0.47
"446","CD63.EGFP","KLHL22",0.3
"447","CD63.EGFP","TEX19",0.46
"448","CD63.EGFP","MARCH2",0.25
"449","CD63.EGFP","CRBN",-0.1
"450","CD63.EGFP","ASB3",-0.04
"451","CD63.EGFP","PRAME",0.0900000000000001
"452","CD63.EGFP","UBE3B",1.27
"453","CD63.EGFP","RNF114",2.17
"454","CD63.EGFP","ISG15",2.87
"455","CD63.EGFP","LDOC1",0.82
"456","CD63.EGFP","RTL8C",-0.15
"457","CD63.EGFP","VHL",0.91
"458","CD63.EGFP","OTUB1",-0.17
"459","CD63.EGFP","TMEM59",-0.03
"460","CD63.EGFP","DDI1",0.62
"461","CD63.EGFP","ATG14",-0.39
"462","CD63.EGFP","UBE3C",0.26
"463","CD63.EGFP","PRPS2",0.35
"464","CD63.EGFP","KLHL40",0.64
"465","CD63.EGFP","TMEM204",-0.65
"466","CD63.EGFP","PLEKHB2",0
"467","CD63.EGFP","UCHL1",0.27
"468","CD63.EGFP","GID8",-0.24
"469","H2B.EGFP","RLuc",1.17
"470","H2B.EGFP","KLHL6",-0.33
"471","H2B.EGFP","FBXL12",-0.57
"472","H2B.EGFP","FBXL15",-0.44
"473","H2B.EGFP","FBXL14",-0.44
"474","H2B.EGFP","NHLRC1",-0.38
"475","H2B.EGFP","SPOPDMATH",-0.32
"476","H2B.EGFP","KBTBD7",-0.66
"477","H2B.EGFP","LGALS3BP",0.0800000000000001
"478","H2B.EGFP","MYLIP",0.54
"479","H2B.EGFP","KLHDC2",-0.09
"480","H2B.EGFP","UBL4A",0.83
"481","H2B.EGFP","FBXO6",0.46
"482","H2B.EGFP","RNF166",0.42
"483","H2B.EGFP","RNF181",0.67
"484","H2B.EGFP","FCGR3B",-0.38
"485","H2B.EGFP","LYPD3",-0.68
"486","H2B.EGFP","ASB6",0.17
"487","H2B.EGFP","GET4",0.1
"488","H2B.EGFP","RNF126",0.15
"489","H2B.EGFP","PRR20A",0.55
"490","H2B.EGFP","UBE2B",0.03
"491","H2B.EGFP","GABARAP",0.52
"492","H2B.EGFP","GABARAPL2",0.34
"493","H2B.EGFP","MAP1LC3A",0.63
"494","H2B.EGFP","MAGEA2B",0.48
"495","H2B.EGFP","MAP1LC3B",1.72
"496","H2B.EGFP","BAG6",0.82
"497","H2B.EGFP","LY6D",-0.43
"498","H2B.EGFP","KLHL22",0.18
"499","H2B.EGFP","TEX19",-0.16
"500","H2B.EGFP","MARCH2",0.11
"501","H2B.EGFP","CRBN",-0.38
"502","H2B.EGFP","ASB3",0.03
"503","H2B.EGFP","PRAME",-0.53
"504","H2B.EGFP","UBE3B",0.23
"505","H2B.EGFP","RNF114",0.65
"506","H2B.EGFP","ISG15",0.71
"507","H2B.EGFP","LDOC1",0.73
"508","H2B.EGFP","RTL8C",-0.21
"509","H2B.EGFP","VHL",-0.68
"510","H2B.EGFP","OTUB1",-0.57
"511","H2B.EGFP","TMEM59",-0.16
"512","H2B.EGFP","DDI1",0.61
"513","H2B.EGFP","ATG14",0.61
"514","H2B.EGFP","UBE3C",0.33
"515","H2B.EGFP","PRPS2",0.63
"516","H2B.EGFP","KLHL40",-0.06
"517","H2B.EGFP","TMEM204",-0.95
"518","H2B.EGFP","PLEKHB2",-0.83
"519","H2B.EGFP","UCHL1",-0.26
"520","H2B.EGFP","GID8",0.17
